product_id,warehouse_id,sales_velocity_7d,sales_velocity_30d,demand_volatility_30d,avg_lead_time_days,reliability_score,unit_cost,avg_daily_demand,demand_std,current_stock,safety_stock,reorder_point,eoq,stock_status,stockout_probability,recommended_order_qty,supplier_delay_risk,stockout_risk,overstock_risk,slow_moving,dead_inventory
P0030,W006,26.857142857142858,23.0,0.2351099944097484,3,0.69,27.99,23.0,5.407529871424213,691,20.0,89.0,387.0,OVERSTOCK,0.0,0.0,False,False,True,False,False
P0060,W004,58.57142857142857,51.16666666666666,0.1857002637697797,26,0.61,166.04,51.16666666666666,9.501663496220392,156,111.0,1441.0,237.0,REORDER_NEEDED,1.0,237.0,True,False,False,False,False
P0019,W006,71.85714285714286,68.5,0.249688167291143,27,0.92,218.81,68.5,17.103639459443293,472,158.0,2008.0,239.0,REORDER_NEEDED,1.0,239.0,False,False,False,False,False
P0020,W001,36.71428571428572,33.733333333333334,0.218663801468742,27,0.92,149.16,33.733333333333334,7.376258902878897,106,68.0,979.0,203.0,REORDER_NEEDED,1.0,203.0,False,False,False,False,False
P0020,W002,42.142857142857146,36.63333333333333,0.2045882380274301,27,0.92,149.16,36.63333333333333,7.494749119738189,325,69.0,1058.0,212.0,REORDER_NEEDED,1.0,212.0,False,False,False,False,False
P0020,W003,64.42857142857143,52.833333333333336,0.2226848591404983,27,0.92,149.16,52.833333333333336,11.765183391256327,845,109.0,1536.0,254.0,REORDER_NEEDED,1.0,254.0,False,False,False,False,False
P0020,W004,48.85714285714285,38.8,0.2845454848341154,27,0.92,149.16,38.8,11.040364811563675,224,102.0,1150.0,218.0,REORDER_NEEDED,1.0,218.0,False,False,False,False,False
P0020,W005,52.0,48.53333333333333,0.1510945949987481,27,0.92,149.16,48.53333333333333,7.333124343939241,1401,68.0,1378.0,244.0,HEALTHY,0.0087,0.0,False,False,False,False,False
P0020,W006,67.42857142857143,60.93333333333333,0.1985303598552135,27,0.92,149.16,60.93333333333333,12.097116593844342,841,112.0,1757.0,273.0,REORDER_NEEDED,1.0,273.0,False,False,False,False,False
P0021,W001,41.142857142857146,33.43333333333333,0.2666805409788044,11,0.72,307.87,33.43333333333333,8.916019420058026,123,62.0,430.0,141.0,REORDER_NEEDED,1.0,141.0,False,False,False,False,False
P0019,W005,46.42857142857143,45.06666666666667,0.2601398871810266,27,0.92,218.81,45.06666666666667,11.7236375822916,3814,108.0,1325.0,194.0,HEALTHY,0.0,0.0,False,False,False,False,False
P0021,W002,43.85714285714285,38.73333333333333,0.2354467908688192,11,0.72,307.87,38.73333333333333,9.119639032985596,530,64.0,490.0,152.0,HEALTHY,0.0003,0.0,False,False,False,False,False
P0021,W004,23.714285714285715,20.6,0.2589484944488873,11,0.72,307.87,20.6,5.334338985647078,732,37.0,264.0,111.0,HEALTHY,0.0,0.0,False,False,False,False,False
P0021,W005,34.285714285714285,32.4,0.2957725611030314,11,0.72,307.87,32.4,9.583030979738217,1671,67.0,423.0,139.0,OVERSTOCK,0.0,0.0,False,False,True,False,False
P0021,W006,36.57142857142857,30.33333333333333,0.30490536697789,11,0.72,307.87,30.33333333333333,9.248796131662662,253,65.0,399.0,134.0,REORDER_NEEDED,0.9957,134.0,False,False,False,False,False
P0022,W001,12.714285714285714,10.2,0.2514722192514382,26,0.87,74.05,10.2,2.5650166363646694,500,24.0,289.0,159.0,HEALTHY,0.0,0.0,False,False,False,False,False
P0022,W002,10.714285714285714,9.4,0.2380435704200704,26,0.87,74.05,9.4,2.237609561948662,145,21.0,265.0,152.0,REORDER_NEEDED,1.0,152.0,False,False,False,False,False
P0022,W003,10.0,8.9,0.2311177366416592,26,0.87,74.05,8.9,2.056947856110767,159,19.0,250.0,148.0,REORDER_NEEDED,1.0,148.0,False,False,False,False,False
P0022,W004,8.428571428571429,7.666666666666667,0.2331611508950042,26,0.87,74.05,7.666666666666667,1.7875688235283655,452,17.0,216.0,137.0,HEALTHY,0.0,0.0,False,False,False,False,False
P0022,W005,9.428571428571429,9.233333333333333,0.2391200515050797,26,0.87,74.05,9.233333333333333,2.207875142230236,509,21.0,261.0,151.0,HEALTHY,0.0,0.0,False,False,False,False,False
P0021,W003,26.142857142857142,22.966666666666665,0.2075557442136207,11,0.72,307.87,22.966666666666665,4.766863592106155,470,33.0,286.0,117.0,HEALTHY,0.0,0.0,False,False,False,False,False
P0019,W004,74.57142857142857,76.73333333333333,0.2840173518508989,27,0.92,218.81,76.73333333333333,21.79359813202564,169,201.0,2273.0,253.0,CRITICAL_STOCKOUT_RISK,1.0,253.0,False,True,False,False,False
P0019,W003,28.0,27.83333333333333,0.2914364933997948,27,0.92,218.81,27.83333333333333,8.111649066294287,526,75.0,826.0,152.0,REORDER_NEEDED,1.0,152.0,False,False,False,False,False
P0019,W002,42.57142857142857,39.56666666666667,0.2778678259116419,27,0.92,218.81,39.56666666666667,10.9943036452373,140,101.0,1169.0,182.0,REORDER_NEEDED,1.0,182.0,False,False,False,False,False
P0016,W001,17.142857142857142,13.466666666666669,0.3196808770487704,19,0.98,95.79,13.466666666666669,4.305035810923442,198,31.0,287.0,160.0,REORDER_NEEDED,0.999,160.0,False,False,False,False,False
P0016,W002,12.0,10.1,0.2525605864650048,19,0.98,95.79,10.1,2.5508619232965484,1021,19.0,211.0,139.0,OVERSTOCK,0.0,0.0,False,False,True,False,False
P0016,W003,11.857142857142858,10.566666666666666,0.2089471743435511,19,0.98,95.79,10.566666666666666,2.20787514223019,731,16.0,217.0,142.0,OVERSTOCK,0.0,0.0,False,False,True,False,False
P0016,W004,16.714285714285715,14.266666666666667,0.2516731354122337,19,0.98,95.79,14.266666666666667,3.5905367318812007,205,26.0,297.0,165.0,REORDER_NEEDED,1.0,165.0,False,False,False,False,False
P0016,W005,15.428571428571429,13.866666666666667,0.2378513734710535,19,0.98,95.79,13.866666666666667,3.298205712131942,554,24.0,287.0,163.0,HEALTHY,0.0,0.0,False,False,False,False,False
P0016,W006,17.0,14.7,0.2144894756351557,19,0.98,95.79,14.7,3.1529952918367883,546,23.0,302.0,167.0,HEALTHY,0.0,0.0,False,False,False,False,False
P0017,W001,14.0,11.8,0.2306407981321365,8,0.8,155.6,11.8,2.7215614179592107,247,15.0,109.0,118.0,HEALTHY,0.0,0.0,False,False,False,False,False
P0017,W002,34.714285714285715,29.633333333333333,0.2801710584915485,8,0.8,155.6,29.633333333333333,8.302402366632887,132,46.0,283.0,186.0,REORDER_NEEDED,1.0,186.0,False,False,False,False,False
P0017,W003,31.0,25.633333333333333,0.2841911324564996,8,0.8,155.6,25.633333333333333,7.284766028634939,331,41.0,246.0,173.0,HEALTHY,0.0,0.0,False,False,False,False,False
P0017,W004,16.714285714285715,14.566666666666666,0.2256665647261688,8,0.8,155.6,14.566666666666666,3.2872096261778587,42,18.0,135.0,131.0,REORDER_NEEDED,1.0,131.0,False,False,False,False,False
P0017,W005,15.714285714285714,13.866666666666667,0.2286248177347004,8,0.8,155.6,13.866666666666667,3.1702641392545123,884,18.0,129.0,128.0,OVERSTOCK,0.0,0.0,False,False,True,False,False
P0017,W006,21.285714285714285,17.466666666666665,0.2730155559598698,8,0.8,155.6,17.466666666666665,4.768671710765726,485,27.0,167.0,143.0,HEALTHY,0.0,0.0,False,False,False,False,False
P0018,W001,16.714285714285715,18.866666666666667,0.2610523375145011,19,0.98,264.75,18.866666666666667,4.925187434440254,623,36.0,394.0,114.0,HEALTHY,0.0,0.0,False,False,False,False,False
P0018,W002,8.714285714285714,9.333333333333334,0.3008608339071569,19,0.98,264.75,9.333333333333334,2.808034449800131,171,21.0,198.0,80.0,REORDER_NEEDED,0.6976,80.0,False,False,False,False,False
P0018,W003,11.857142857142858,12.966666666666669,0.304119925534091,19,0.98,264.75,12.966666666666669,3.943421701092048,357,29.0,275.0,95.0,HEALTHY,0.0,0.0,False,False,False,False,False
P0018,W004,7.571428571428571,8.533333333333333,0.2882568280586135,19,0.98,264.75,8.533333333333333,2.459791599433502,506,18.0,180.0,77.0,HEALTHY,0.0,0.0,False,False,False,False,False
P0018,W005,15.285714285714286,18.3,0.341754213229316,19,0.98,264.75,18.3,6.254102102096483,331,46.0,394.0,112.0,REORDER_NEEDED,0.7299,112.0,False,False,False,False,False
P0018,W006,11.571428571428571,11.766666666666667,0.2829097822602454,19,0.98,264.75,11.766666666666667,3.328905104595554,160,24.0,248.0,90.0,REORDER_NEEDED,1.0,90.0,False,False,False,False,False
P0019,W001,47.142857142857146,42.2,0.238384385591643,27,0.92,218.81,42.2,10.059821071967336,326,93.0,1232.0,188.0,REORDER_NEEDED,1.0,188.0,False,False,False,False,False
P0022,W006,10.285714285714286,8.7,0.24364301005082,26,0.87,74.05,8.7,2.119694187442134,662,20.0,246.0,146.0,HEALTHY,0.0,0.0,False,False,False,False,False
P0015,W006,9.428571428571429,8.366666666666667,0.2045845459914633,19,0.98,95.0,8.366666666666667,1.7116907014619098,324,13.0,172.0,127.0,HEALTHY,0.0,0.0,False,False,False,False,False
P0023,W001,56.0,48.1,0.2261902339019409,26,0.87,149.61,48.1,10.879750250683358,176,103.0,1354.0,242.0,REORDER_NEEDED,1.0,242.0,False,False,False,False,False
P0023,W003,29.857142857142858,24.266666666666666,0.3047363151900973,26,0.87,149.61,24.266666666666666,7.394934581946361,304,70.0,701.0,172.0,REORDER_NEEDED,1.0,172.0,False,False,False,False,False
P0027,W003,22.428571428571427,19.866666666666667,0.1882147149926137,26,0.87,103.84,19.866666666666667,3.7391990045199255,256,35.0,552.0,187.0,REORDER_NEEDED,1.0,187.0,False,False,False,False,False
P0027,W004,17.714285714285715,15.066666666666666,0.2408461431822336,26,0.87,103.84,15.066666666666666,3.6287485572789855,698,34.0,426.0,163.0,HEALTHY,0.0,0.0,False,False,False,False,False
P0027,W005,21.857142857142858,19.73333333333333,0.2170210875456271,26,0.87,103.84,19.73333333333333,4.282549460900374,215,41.0,554.0,186.0,REORDER_NEEDED,1.0,186.0,False,False,False,False,False
P0027,W006,25.142857142857142,23.566666666666663,0.1992405983343888,26,0.87,103.84,23.566666666666663,4.695436767413763,305,45.0,658.0,204.0,REORDER_NEEDED,1.0,204.0,False,False,False,False,False
P0028,W001,11.285714285714286,10.5,0.2736934857997296,27,0.92,259.55,10.5,2.8737816008971606,470,27.0,310.0,86.0,HEALTHY,0.0,0.0,False,False,False,False,False
P0028,W002,7.285714285714286,6.433333333333334,0.2635488741306873,27,0.92,259.55,6.433333333333334,1.6954977569074217,194,16.0,190.0,67.0,HEALTHY,0.0106,0.0,False,False,False,False,False
P0028,W003,14.142857142857142,11.866666666666667,0.2530348984180299,27,0.92,259.55,11.866666666666667,3.002680794560621,495,28.0,348.0,91.0,HEALTHY,0.0,0.0,False,False,False,False,False
P0028,W004,13.285714285714286,11.366666666666667,0.3197042165182875,27,0.92,259.55,11.366666666666667,3.6339712610912014,228,34.0,341.0,89.0,REORDER_NEEDED,1.0,89.0,False,False,False,False,False
P0027,W002,17.142857142857142,14.766666666666667,0.2204686857459821,26,0.87,103.84,14.766666666666667,3.2555875928490026,181,31.0,415.0,161.0,REORDER_NEEDED,1.0,161.0,False,False,False,False,False
P0028,W005,14.142857142857142,12.1,0.2449233005076216,27,0.92,259.55,12.1,2.963571936142221,1125,27.0,354.0,92.0,OVERSTOCK,0.0,0.0,False,False,True,False,False
P0029,W001,41.71428571428572,32.9,0.3037783807081197,27,0.92,298.25,32.9,9.994308725297138,277,92.0,980.0,142.0,REORDER_NEEDED,1.0,142.0,False,False,False,False,False
P0029,W002,42.42857142857143,39.766666666666666,0.268386213496058,27,0.92,298.25,39.766666666666666,10.672825090026574,93,99.0,1173.0,156.0,CRITICAL_STOCKOUT_RISK,1.0,156.0,False,True,False,False,False
P0029,W003,51.0,46.43333333333333,0.2083173211227878,27,0.92,298.25,46.43333333333333,9.672867610801449,653,89.0,1343.0,169.0,REORDER_NEEDED,1.0,169.0,False,False,False,False,False
P0029,W004,37.285714285714285,33.06666666666667,0.2324872282035372,27,0.92,298.25,33.06666666666667,7.687577679263631,328,71.0,964.0,142.0,REORDER_NEEDED,1.0,142.0,False,False,False,False,False
P0029,W005,70.14285714285714,61.43333333333333,0.2622169449866187,27,0.92,298.25,61.43333333333333,16.108860987011273,1210,149.0,1808.0,194.0,REORDER_NEEDED,1.0,194.0,False,False,False,False,False
P0029,W006,43.285714285714285,40.333333333333336,0.2221726262472287,27,0.92,298.25,40.333333333333336,8.960962591971558,443,83.0,1172.0,157.0,REORDER_NEEDED,1.0,157.0,False,False,False,False,False
P0030,W001,12.428571428571429,11.266666666666667,0.2477032055083219,3,0.69,27.99,11.266666666666667,2.790789448727093,252,10.0,44.0,271.0,OVERSTOCK,0.0,0.0,False,False,True,False,False
P0030,W002,30.285714285714285,25.0,0.2538530663796358,3,0.69,27.99,25.0,6.346326659490894,1052,24.0,99.0,404.0,OVERSTOCK,0.0,0.0,False,False,True,False,False
P0028,W006,10.428571428571429,8.733333333333333,0.2460125083878196,27,0.92,259.55,8.733333333333333,2.148509239920291,489,20.0,256.0,78.0,HEALTHY,0.0,0.0,False,False,False,False,False
P0027,W001,12.571428571428571,10.766666666666667,0.2435263767633689,26,0.87,103.84,10.766666666666667,2.621967323152272,510,25.0,305.0,138.0,HEALTHY,0.0,0.0,False,False,False,False,False
P0026,W006,9.571428571428571,8.2,0.2529848075427526,28,0.98,393.66,8.2,2.074475421850571,98,18.0,248.0,62.0,REORDER_NEEDED,1.0,62.0,False,False,False,False,False
P0026,W005,7.142857142857143,6.266666666666667,0.1564252716553895,28,0.98,393.66,6.266666666666667,0.9802650357071075,980,9.0,184.0,54.0,OVERSTOCK,0.0,0.0,False,False,True,False,False
P0023,W004,60.42857142857143,53.23333333333333,0.2815270329456384,26,0.87,149.61,53.23333333333333,14.986622387139484,365,142.0,1526.0,255.0,REORDER_NEEDED,1.0,255.0,False,False,False,False,False
P0023,W005,47.0,41.06666666666667,0.2142908031802164,26,0.87,149.61,41.06666666666667,8.80020898393422,1855,83.0,1151.0,224.0,HEALTHY,0.0,0.0,False,False,False,False,False
P0023,W006,61.0,52.16666666666666,0.2517601524066254,26,0.87,149.61,52.16666666666666,13.133487950545623,645,124.0,1480.0,252.0,REORDER_NEEDED,1.0,252.0,False,False,False,False,False
P0024,W001,33.0,28.266666666666666,0.2134670966399346,26,0.87,186.35,28.266666666666666,6.034003265022151,427,57.0,792.0,166.0,REORDER_NEEDED,1.0,166.0,False,False,False,False,False
P0024,W002,36.85714285714285,29.933333333333334,0.2568233077704974,26,0.87,186.35,29.933333333333334,7.687577679263555,475,73.0,851.0,171.0,REORDER_NEEDED,1.0,171.0,False,False,False,False,False
P0024,W003,50.285714285714285,42.2,0.2458224363971015,26,0.87,186.35,42.2,10.373706815957684,522,98.0,1195.0,203.0,REORDER_NEEDED,1.0,203.0,False,False,False,False,False
P0024,W004,66.57142857142857,59.4,0.2748056342009959,26,0.87,186.35,59.4,16.323454671539157,413,155.0,1699.0,241.0,REORDER_NEEDED,1.0,241.0,False,False,False,False,False
P0024,W005,46.285714285714285,39.3,0.2427004264352739,26,0.87,186.35,39.3,9.538126758906264,369,90.0,1112.0,196.0,REORDER_NEEDED,1.0,196.0,False,False,False,False,False
P0024,W006,51.142857142857146,51.23333333333333,0.2078760863465957,26,0.87,186.35,51.23333333333333,10.65018482382392,687,101.0,1433.0,224.0,REORDER_NEEDED,1.0,224.0,False,False,False,False,False
P0025,W001,22.285714285714285,19.966666666666665,0.2295050224036296,9,0.79,230.75,19.966666666666665,4.582450280659137,45,27.0,207.0,126.0,REORDER_NEEDED,1.0,126.0,False,False,False,False,False
P0025,W002,30.0,24.966666666666665,0.2172233303912312,9,0.79,230.75,24.966666666666665,5.423342482101072,775,32.0,257.0,141.0,OVERSTOCK,0.0,0.0,False,False,True,False,False
P0025,W003,47.42857142857143,41.53333333333333,0.2501947025620293,9,0.79,230.75,41.53333333333333,10.39141997974295,102,62.0,436.0,181.0,REORDER_NEEDED,1.0,181.0,False,False,False,False,False
P0025,W004,54.71428571428572,47.86666666666667,0.2252564580594571,9,0.79,230.75,47.86666666666667,10.782275792446011,336,64.0,495.0,195.0,REORDER_NEEDED,0.9983,195.0,False,False,False,False,False
P0025,W005,56.285714285714285,49.93333333333333,0.2018445304881168,9,0.79,230.75,49.93333333333333,10.078770222373295,409,60.0,509.0,199.0,REORDER_NEEDED,0.9092,199.0,False,False,False,False,False
P0025,W006,23.857142857142858,19.866666666666667,0.2195005583853309,9,0.79,230.75,19.866666666666667,4.360744426588574,497,26.0,205.0,125.0,HEALTHY,0.0,0.0,False,False,False,False,False
P0026,W001,4.285714285714286,3.7666666666666666,0.2671598181224173,28,0.98,393.66,3.7666666666666666,1.0063019815944385,212,9.0,114.0,42.0,HEALTHY,0.0,0.0,False,False,False,False,False
P0026,W002,6.571428571428571,5.766666666666667,0.2307899242647295,28,0.98,393.66,5.766666666666667,1.33088856325994,871,12.0,173.0,52.0,OVERSTOCK,0.0,0.0,False,False,True,False,False
P0026,W003,8.571428571428571,8.033333333333333,0.1713779382027185,28,0.98,393.66,8.033333333333333,1.3767361035618384,329,12.0,237.0,61.0,HEALTHY,0.0,0.0,False,False,False,False,False
P0026,W004,6.428571428571429,5.933333333333334,0.2297006924026051,28,0.98,393.66,5.933333333333334,1.3628907749221235,132,12.0,178.0,52.0,REORDER_NEEDED,1.0,52.0,False,False,False,False,False
P0023,W002,78.28571428571429,65.2,0.2814971579160199,26,0.87,149.61,65.2,18.3536146961245,418,174.0,1869.0,282.0,REORDER_NEEDED,1.0,282.0,False,False,False,False,False
P0030,W003,22.285714285714285,17.333333333333332,0.3432682555767092,3,0.69,27.99,17.333333333333332,5.949983096662959,398,22.0,74.0,336.0,OVERSTOCK,0.0,0.0,False,False,True,False,False
P0015,W005,9.428571428571429,9.1,0.243765138034753,19,0.98,95.0,9.1,2.218262756116252,1292,16.0,189.0,132.0,OVERSTOCK,0.0,0.0,False,False,True,False,False
P0015,W003,20.857142857142858,18.633333333333333,0.2239452232177665,19,0.98,95.0,18.633333333333333,4.172845992624382,394,31.0,385.0,189.0,HEALTHY,0.014,0.0,False,False,False,False,False
P0004,W006,48.285714285714285,41.06666666666667,0.2503733958418302,27,0.92,301.34,41.06666666666667,10.282000789237827,577,95.0,1204.0,158.0,REORDER_NEEDED,1.0,158.0,False,False,False,False,False
P0005,W001,6.428571428571429,5.266666666666667,0.2989020679520516,29,0.73,82.23,5.266666666666667,1.574217557880805,193,18.0,171.0,108.0,HEALTHY,0.0,0.0,True,False,False,False,False
P0005,W002,9.714285714285714,8.633333333333333,0.2625228084491635,29,0.73,82.23,8.633333333333333,2.2664469129444447,434,25.0,275.0,138.0,HEALTHY,0.0,0.0,True,False,False,False,False
P0005,W003,16.285714285714285,13.433333333333334,0.2783179561701803,29,0.73,82.23,13.433333333333334,3.7387378778860887,640,42.0,432.0,173.0,HEALTHY,0.0,0.0,True,False,False,False,False
P0005,W004,16.0,13.766666666666667,0.2318210908134905,29,0.73,82.23,13.766666666666667,3.191403683532386,118,36.0,435.0,175.0,REORDER_NEEDED,1.0,175.0,True,False,False,False,False
P0005,W005,8.428571428571429,7.233333333333333,0.2919938577557436,29,0.73,82.23,7.233333333333333,2.1120889044332123,723,24.0,234.0,127.0,OVERSTOCK,0.0,0.0,True,False,True,False,False
P0005,W006,10.428571428571429,8.633333333333333,0.2139769353558473,29,0.73,82.23,8.633333333333333,1.8473342085721485,234,21.0,271.0,138.0,REORDER_NEEDED,0.95,138.0,True,False,False,False,False
P0006,W001,12.285714285714286,10.033333333333331,0.2118049703017872,9,0.79,82.22,10.033333333333331,2.1251098686945977,654,13.0,103.0,149.0,OVERSTOCK,0.0,0.0,False,False,True,False,False
P0004,W005,69.71428571428571,63.93333333333333,0.2250552624087054,27,0.92,301.34,63.93333333333333,14.388533109996564,1802,133.0,1859.0,197.0,REORDER_NEEDED,0.1553,197.0,False,False,False,False,False
P0006,W002,16.142857142857142,13.9,0.2892235667206164,9,0.79,82.22,13.9,4.020207577416568,652,24.0,149.0,176.0,OVERSTOCK,0.0,0.0,False,False,True,False,False
P0006,W004,8.142857142857142,7.166666666666667,0.2348722078688891,9,0.79,82.22,7.166666666666667,1.683250823060372,173,10.0,74.0,126.0,HEALTHY,0.0,0.0,False,False,False,False,False
P0006,W005,18.428571428571427,15.133333333333333,0.2589846409311354,9,0.79,82.22,15.133333333333333,3.919300899424515,344,23.0,159.0,183.0,HEALTHY,0.0,0.0,False,False,False,False,False
P0006,W006,12.285714285714286,11.2,0.2441252029347888,9,0.79,82.22,11.2,2.7342022728696342,515,16.0,117.0,158.0,OVERSTOCK,0.0,0.0,False,False,True,False,False
P0007,W001,12.571428571428571,10.1,0.2457773761571545,26,0.87,33.75,10.1,2.4823514991872604,282,24.0,287.0,234.0,REORDER_NEEDED,0.0627,234.0,False,False,False,False,False
P0007,W002,28.285714285714285,25.766666666666666,0.2845881975582895,26,0.87,33.75,25.766666666666666,7.332889223751926,645,69.0,739.0,373.0,REORDER_NEEDED,0.7476,373.0,False,False,False,False,False
P0007,W003,12.428571428571429,11.066666666666666,0.2108285352960235,26,0.87,33.75,11.066666666666666,2.33316912394266,748,22.0,310.0,245.0,HEALTHY,0.0,0.0,False,False,False,False,False
P0007,W004,30.428571428571427,25.433333333333334,0.2383127455022279,26,0.87,33.75,25.433333333333334,6.061087493939996,531,57.0,718.0,371.0,REORDER_NEEDED,1.0,371.0,False,False,False,False,False
P0007,W005,17.857142857142858,16.933333333333334,0.2263056348381867,26,0.87,33.75,16.933333333333334,3.832108749926628,564,36.0,476.0,303.0,HEALTHY,0.0,0.0,False,False,False,False,False
P0006,W003,18.142857142857142,14.866666666666667,0.249022020973497,9,0.79,82.22,14.866666666666667,3.702127378472656,735,22.0,156.0,182.0,OVERSTOCK,0.0,0.0,False,False,True,False,False
P0004,W004,59.85714285714285,49.63333333333333,0.2411053130384416,27,0.92,301.34,49.63333333333333,11.96686037047465,130,110.0,1450.0,173.0,REORDER_NEEDED,1.0,173.0,False,False,False,False,False
P0004,W003,51.71428571428572,47.3,0.2062614198639287,27,0.92,301.34,47.3,9.756165159563828,363,90.0,1367.0,169.0,REORDER_NEEDED,1.0,169.0,False,False,False,False,False
P0004,W002,71.14285714285714,60.4,0.2153678843170931,27,0.92,301.34,60.4,13.008220212752423,323,120.0,1751.0,191.0,REORDER_NEEDED,1.0,191.0,False,False,False,False,False
P0001,W001,12.857142857142858,10.933333333333334,0.2831174497784167,28,0.98,190.4,10.933333333333334,3.095417450910689,404,27.0,333.0,102.0,HEALTHY,0.0,0.0,False,False,False,False,False
P0001,W002,28.857142857142858,26.366666666666667,0.2713964263994486,28,0.98,190.4,26.366666666666667,7.155819109398795,95,64.0,802.0,159.0,REORDER_NEEDED,1.0,159.0,False,False,False,False,False
P0001,W003,14.571428571428571,13.266666666666667,0.2455955641355988,28,0.98,190.4,13.266666666666667,3.2582344841989443,175,29.0,400.0,113.0,REORDER_NEEDED,1.0,113.0,False,False,False,False,False
P0001,W004,24.0,23.266666666666666,0.196451506151306,28,0.98,190.4,23.266666666666666,4.570771709787053,358,41.0,692.0,149.0,REORDER_NEEDED,1.0,149.0,False,False,False,False,False
P0001,W005,13.714285714285714,11.666666666666666,0.2220751722396343,28,0.98,190.4,11.666666666666666,2.5908770094624,731,23.0,350.0,106.0,HEALTHY,0.0,0.0,False,False,False,False,False
P0001,W006,14.285714285714286,13.033333333333331,0.2536601790751545,28,0.98,190.4,13.033333333333331,3.306037667279513,442,29.0,394.0,112.0,HEALTHY,0.0,0.0,False,False,False,False,False
P0002,W001,29.428571428571427,28.03333333333333,0.2341001456236934,28,0.98,475.6,28.03333333333333,6.562607415650872,98,58.0,843.0,104.0,REORDER_NEEDED,1.0,104.0,False,False,False,False,False
P0002,W002,20.0,17.4,0.3113633994671115,28,0.98,475.6,17.4,5.417723150727739,396,48.0,535.0,82.0,REORDER_NEEDED,0.9993,82.0,False,False,False,False,False
P0002,W003,24.571428571428573,23.83333333333333,0.1998868185248583,28,0.98,475.6,23.83333333333333,4.763969174842455,540,42.0,709.0,96.0,REORDER_NEEDED,1.0,96.0,False,False,False,False,False
P0002,W004,30.285714285714285,25.433333333333334,0.2925397179974135,28,0.98,475.6,25.433333333333334,7.440260161067551,45,66.0,778.0,99.0,CRITICAL_STOCKOUT_RISK,1.0,99.0,False,True,False,False,False
P0002,W005,27.714285714285715,23.9,0.2065478343463848,28,0.98,475.6,23.9,4.936493240878597,466,44.0,713.0,96.0,REORDER_NEEDED,1.0,96.0,False,False,False,False,False
P0002,W006,28.571428571428573,24.966666666666665,0.2374217089429115,28,0.98,475.6,24.966666666666665,5.927628666608023,1097,53.0,752.0,98.0,HEALTHY,0.0,0.0,False,False,False,False,False
P0003,W001,19.428571428571427,18.0,0.2241297440951656,28,0.98,367.34,18.0,4.034335393712981,376,36.0,540.0,95.0,REORDER_NEEDED,1.0,95.0,False,False,False,False,False
P0003,W002,18.0,16.266666666666666,0.1789996824085167,28,0.98,367.34,16.266666666666666,2.911728167178538,248,26.0,481.0,90.0,REORDER_NEEDED,1.0,90.0,False,False,False,False,False
P0003,W003,10.0,8.433333333333334,0.2238679850453895,28,0.98,367.34,8.433333333333334,1.8879533405494515,819,17.0,253.0,65.0,OVERSTOCK,0.0,0.0,False,False,True,False,False
P0003,W004,18.428571428571427,16.066666666666666,0.2675491582346075,28,0.98,367.34,16.066666666666666,4.298623142302694,278,38.0,488.0,89.0,REORDER_NEEDED,1.0,89.0,False,False,False,False,False
P0003,W005,17.714285714285715,16.8,0.2234843740902401,28,0.98,367.34,16.8,3.754537484716034,1660,33.0,503.0,91.0,OVERSTOCK,0.0,0.0,False,False,True,False,False
P0003,W006,19.0,16.1,0.2376929252718819,28,0.98,367.34,16.1,3.826856096877299,454,34.0,485.0,89.0,REORDER_NEEDED,0.4372,89.0,False,False,False,False,False
P0004,W001,37.42857142857143,31.133333333333333,0.2676378926442196,27,0.92,301.34,31.133333333333333,8.332459724323371,146,77.0,918.0,137.0,REORDER_NEEDED,1.0,137.0,False,False,False,False,False
P0007,W006,11.428571428571429,9.433333333333334,0.2621632560695364,26,0.87,33.75,9.433333333333334,2.47307338225596,1056,23.0,268.0,226.0,OVERSTOCK,0.0,0.0,False,False,True,False,False
P0015,W004,26.142857142857142,22.466666666666665,0.2391917103371492,19,0.98,95.0,22.466666666666665,5.373840425574619,68,39.0,466.0,208.0,REORDER_NEEDED,1.0,208.0,False,False,False,False,False
P0008,W001,21.285714285714285,18.8,0.2124906509384218,26,0.87,433.76,18.8,3.9948242376423297,112,38.0,527.0,89.0,REORDER_NEEDED,1.0,89.0,False,False,False,False,False
P0008,W003,29.428571428571427,25.266666666666666,0.2337839514437113,26,0.87,433.76,25.266666666666666,5.906941173144439,195,56.0,713.0,103.0,REORDER_NEEDED,1.0,103.0,False,False,False,False,False
P0012,W003,17.142857142857142,15.366666666666667,0.2479391937590488,11,0.72,485.11,15.366666666666667,3.809998944097383,252,27.0,196.0,76.0,HEALTHY,0.0,0.0,False,False,False,False,False
P0012,W004,19.714285714285715,17.233333333333334,0.2169480393357489,11,0.72,485.11,17.233333333333334,3.738737877886073,121,26.0,216.0,81.0,REORDER_NEEDED,1.0,81.0,False,False,False,False,False
P0012,W005,20.142857142857142,17.0,0.2776312437480164,11,0.72,485.11,17.0,4.719731143716279,112,33.0,220.0,80.0,REORDER_NEEDED,1.0,80.0,False,False,False,False,False
P0012,W006,17.571428571428573,16.133333333333333,0.2277321194551025,11,0.72,485.11,16.133333333333333,3.6740781938756535,1166,26.0,203.0,78.0,OVERSTOCK,0.0,0.0,False,False,True,False,False
P0013,W001,30.428571428571427,25.73333333333333,0.2384458451036071,19,0.63,417.06,25.73333333333333,6.136006413999489,279,60.0,549.0,106.0,REORDER_NEEDED,1.0,106.0,False,False,False,False,False
P0013,W002,52.285714285714285,48.03333333333333,0.2189983677195896,19,0.63,417.06,48.03333333333333,10.519221596130954,659,103.0,1016.0,145.0,REORDER_NEEDED,1.0,145.0,False,False,False,False,False
P0013,W003,50.71428571428572,44.03333333333333,0.2396355349993284,19,0.63,417.06,44.03333333333333,10.551951391137091,174,104.0,941.0,139.0,REORDER_NEEDED,1.0,139.0,False,False,False,False,False
P0013,W004,78.71428571428571,60.66666666666666,0.2723122522916059,19,0.63,417.06,60.66666666666666,16.520276639024086,334,162.0,1315.0,163.0,REORDER_NEEDED,1.0,163.0,False,False,False,False,False
P0012,W002,21.571428571428573,18.933333333333334,0.2084870444676093,11,0.72,485.11,18.933333333333334,3.947354708586736,1255,28.0,236.0,84.0,OVERSTOCK,0.0,0.0,False,False,True,False,False
P0013,W005,30.857142857142858,29.7,0.2539954878409465,19,0.63,417.06,29.7,7.543665988876111,348,74.0,638.0,114.0,REORDER_NEEDED,1.0,114.0,False,False,False,False,False
P0014,W001,24.857142857142858,21.2,0.2189453119642292,29,0.73,110.11,21.2,4.641640613641659,210,52.0,667.0,187.0,REORDER_NEEDED,1.0,187.0,True,False,False,False,False
P0014,W002,16.571428571428573,15.733333333333333,0.23894698609952,29,0.73,110.11,15.733333333333333,3.7594325812991145,406,42.0,498.0,161.0,REORDER_NEEDED,0.9935,161.0,True,False,False,False,False
P0014,W003,30.714285714285715,26.23333333333333,0.2797048359355382,29,0.73,110.11,26.23333333333333,7.337590196042284,411,83.0,844.0,209.0,REORDER_NEEDED,1.0,209.0,True,False,False,False,False
P0014,W004,38.142857142857146,30.966666666666665,0.2978435382553736,29,0.73,110.11,30.966666666666665,9.223221567974734,750,104.0,1002.0,227.0,REORDER_NEEDED,0.9986,227.0,True,False,False,False,False
P0014,W005,39.142857142857146,33.733333333333334,0.2321086560619335,29,0.73,110.11,33.733333333333334,7.829798664489224,690,88.0,1066.0,236.0,REORDER_NEEDED,1.0,236.0,True,False,False,False,False
P0014,W006,17.285714285714285,15.1,0.2008332246956443,29,0.73,110.11,15.1,3.0325816929042286,286,34.0,472.0,158.0,REORDER_NEEDED,1.0,158.0,True,False,False,False,False
P0015,W001,9.142857142857142,8.3,0.2126017249349643,19,0.98,95.0,8.3,1.764594316960204,427,13.0,171.0,126.0,HEALTHY,0.0,0.0,False,False,False,False,False
P0015,W002,19.571428571428573,16.9,0.2438965053314395,19,0.98,95.0,16.9,4.121850940101327,2331,30.0,351.0,180.0,OVERSTOCK,0.0,0.0,False,False,True,False,False
P0013,W006,26.571428571428573,22.866666666666667,0.2369637780663112,19,0.63,417.06,22.866666666666667,5.418571725116316,108,53.0,487.0,100.0,REORDER_NEEDED,1.0,100.0,False,False,False,False,False
P0012,W001,24.714285714285715,19.566666666666663,0.2618671876362676,11,0.72,485.11,19.566666666666663,5.123867971416302,328,36.0,251.0,86.0,HEALTHY,0.0,0.0,False,False,False,False,False
P0011,W006,25.571428571428573,22.3,0.2159124540626608,11,0.72,15.19,22.3,4.814847725597336,979,34.0,279.0,518.0,OVERSTOCK,0.0,0.0,False,False,True,False,False
P0011,W005,12.285714285714286,10.8,0.2829447079760066,11,0.72,15.19,10.8,3.055802846140872,607,21.0,140.0,360.0,OVERSTOCK,0.0,0.0,False,False,True,False,False
P0008,W004,24.0,21.8,0.2562245879590652,26,0.87,433.76,21.8,5.585696017507622,262,53.0,620.0,96.0,REORDER_NEEDED,1.0,96.0,False,False,False,False,False
P0008,W005,27.0,23.8,0.2168990254548293,26,0.87,433.76,23.8,5.162196805824938,1849,49.0,668.0,100.0,HEALTHY,0.0,0.0,False,False,False,False,False
P0008,W006,54.42857142857143,45.63333333333333,0.2537021897875524,26,0.87,433.76,45.63333333333333,11.577276593971972,910,110.0,1296.0,139.0,REORDER_NEEDED,1.0,139.0,False,False,False,False,False
P0009,W001,10.857142857142858,10.133333333333333,0.2441220836939223,26,0.61,302.55,10.133333333333333,2.4737704480984126,50,29.0,292.0,78.0,REORDER_NEEDED,1.0,78.0,True,False,False,False,False
P0009,W002,17.428571428571427,14.733333333333333,0.1902568868166358,26,0.61,302.55,14.733333333333333,2.8031181324317678,1213,33.0,416.0,94.0,HEALTHY,0.0,0.0,True,False,False,False,False
P0009,W003,25.571428571428573,20.133333333333333,0.2775374225144006,26,0.61,302.55,20.133333333333333,5.587753439956599,163,65.0,588.0,110.0,REORDER_NEEDED,1.0,110.0,True,False,False,False,False
P0009,W004,26.857142857142858,22.766666666666666,0.2451509512892458,26,0.61,302.55,22.766666666666666,5.581269991018496,194,65.0,657.0,117.0,REORDER_NEEDED,1.0,117.0,True,False,False,False,False
P0009,W005,32.0,26.566666666666663,0.2307017960020045,26,0.61,302.55,26.566666666666663,6.128977713786585,744,71.0,762.0,127.0,REORDER_NEEDED,0.0441,127.0,True,False,False,False,False
P0009,W006,15.571428571428571,12.833333333333334,0.2645106054250807,26,0.61,302.55,12.833333333333334,3.3945527696218694,873,40.0,374.0,88.0,HEALTHY,0.0,0.0,True,False,False,False,False
P0010,W001,73.42857142857143,62.63333333333333,0.278580308027866,28,0.98,355.5,62.63333333333333,17.448413292812006,416,155.0,1909.0,179.0,REORDER_NEEDED,1.0,179.0,False,False,False,False,False
P0010,W002,34.285714285714285,30.133333333333333,0.2228276797266242,28,0.98,355.5,30.133333333333333,6.714540749095609,265,60.0,904.0,124.0,REORDER_NEEDED,1.0,124.0,False,False,False,False,False
P0010,W003,79.14285714285714,66.26666666666667,0.3140997097796732,28,0.98,355.5,66.26666666666667,20.814340768066344,659,185.0,2040.0,184.0,REORDER_NEEDED,1.0,184.0,False,False,False,False,False
P0010,W004,53.57142857142857,44.1,0.2919348351347139,28,0.98,355.5,44.1,12.874326229440884,337,114.0,1349.0,150.0,REORDER_NEEDED,1.0,150.0,False,False,False,False,False
P0010,W005,67.57142857142857,56.93333333333333,0.2417538766615089,28,0.98,355.5,56.93333333333333,13.76385404459524,1448,122.0,1716.0,171.0,REORDER_NEEDED,0.9776,171.0,False,False,False,False,False
P0010,W006,74.42857142857143,60.96666666666667,0.2570265735945633,28,0.98,355.5,60.96666666666667,15.670053436815213,199,139.0,1846.0,177.0,REORDER_NEEDED,1.0,177.0,False,False,False,False,False
P0011,W001,13.285714285714286,12.066666666666666,0.2708950787260367,11,0.72,15.19,12.066666666666666,3.268800616627509,360,23.0,156.0,381.0,HEALTHY,0.0,0.0,False,False,False,False,False
P0011,W002,11.571428571428571,11.266666666666667,0.1976904300391127,11,0.72,15.19,11.266666666666667,2.22731217844067,223,16.0,140.0,368.0,HEALTHY,0.0,0.0,False,False,False,False,False
P0011,W003,28.857142857142858,25.433333333333334,0.2741004292413287,11,0.72,15.19,25.433333333333334,6.97128758370446,138,49.0,329.0,553.0,REORDER_NEEDED,1.0,553.0,False,False,False,False,False
P0011,W004,13.571428571428571,11.1,0.297715916783672,11,0.72,15.19,11.1,3.3046466762987587,148,23.0,145.0,365.0,HEALTHY,0.0091,0.0,False,False,False,False,False
P0008,W002,46.85714285714285,40.36666666666667,0.2362274884668979,26,0.87,433.76,40.36666666666667,9.535716284447112,418,90.0,1140.0,130.0,REORDER_NEEDED,1.0,130.0,False,False,False,False,False
P0060,W005,38.142857142857146,33.666666666666664,0.2437333391107167,26,0.61,166.04,33.666666666666664,8.205689083394129,656,96.0,971.0,192.0,REORDER_NEEDED,1.0,192.0,True,False,False,False,False
P0030,W004,12.285714285714286,10.466666666666669,0.2944605606153301,3,0.69,27.99,10.466666666666669,3.0820205344404554,162,12.0,43.0,261.0,OVERSTOCK,0.0,0.0,False,False,True,False,False
P0031,W001,65.42857142857143,55.43333333333333,0.2605463305119996,19,0.63,305.73,55.43333333333333,14.44295158804851,357,142.0,1195.0,182.0,REORDER_NEEDED,1.0,182.0,False,False,False,False,False
P0050,W001,80.42857142857143,71.46666666666667,0.2477231965620101,8,0.8,96.5,71.46666666666667,17.703951114298324,235,99.0,671.0,368.0,REORDER_NEEDED,1.0,368.0,False,False,False,False,False
P0050,W002,44.285714285714285,40.46666666666667,0.2110603540425761,8,0.8,96.5,40.46666666666667,8.540908993589579,395,48.0,372.0,277.0,HEALTHY,0.0016,0.0,False,False,False,False,False
P0050,W003,48.142857142857146,40.73333333333333,0.2500232178231577,8,0.8,96.5,40.73333333333333,10.184279072663289,369,57.0,383.0,278.0,REORDER_NEEDED,0.0671,278.0,False,False,False,False,False
P0050,W004,59.57142857142857,54.73333333333333,0.2480144072038189,8,0.8,96.5,54.73333333333333,13.574655220955686,912,76.0,514.0,322.0,HEALTHY,0.0,0.0,False,False,False,False,False
P0050,W005,39.71428571428572,34.03333333333333,0.2610455220788978,8,0.8,96.5,34.03333333333333,8.884249268085155,467,50.0,322.0,254.0,HEALTHY,0.0,0.0,False,False,False,False,False
P0050,W006,58.57142857142857,54.2,0.2183807918451395,8,0.8,96.5,54.2,11.83623891800656,136,66.0,500.0,320.0,REORDER_NEEDED,1.0,320.0,False,False,False,False,False
P0051,W001,35.285714285714285,30.3,0.2716203352248565,8,0.8,484.94,30.3,8.230096157313152,335,46.0,288.0,107.0,HEALTHY,0.0,0.0,False,False,False,False,False
P0051,W002,20.571428571428573,18.33333333333333,0.2155007688204687,8,0.8,484.94,18.33333333333333,3.9508474283752575,591,22.0,169.0,83.0,OVERSTOCK,0.0,0.0,False,False,True,False,False
P0049,W006,23.714285714285715,20.9,0.255772226692907,9,0.79,275.62,20.9,5.345639537881756,908,32.0,220.0,118.0,OVERSTOCK,0.0,0.0,False,False,True,False,False
P0051,W003,55.71428571428572,46.93333333333333,0.2458771885940302,8,0.8,484.94,46.93333333333333,11.539836051346484,637,64.0,439.0,133.0,HEALTHY,0.0,0.0,False,False,False,False,False
P0051,W005,28.857142857142858,25.933333333333334,0.2324531805836893,8,0.8,484.94,25.933333333333334,6.028285816470342,229,34.0,241.0,99.0,REORDER_NEEDED,0.1033,99.0,False,False,False,False,False
P0051,W006,32.714285714285715,29.1,0.2546683661755433,8,0.8,484.94,29.1,7.41084945570831,45,41.0,274.0,105.0,REORDER_NEEDED,1.0,105.0,False,False,False,False,False
P0052,W001,42.71428571428572,36.96666666666667,0.2150641357754433,11,0.72,388.69,36.96666666666667,7.950204219165554,461,56.0,463.0,132.0,REORDER_NEEDED,0.0196,132.0,False,False,False,False,False
P0052,W002,44.0,39.833333333333336,0.2161675064640445,11,0.72,388.69,39.833333333333336,8.610672340817773,560,60.0,498.0,137.0,HEALTHY,0.0,0.0,False,False,False,False,False
P0052,W003,42.285714285714285,34.9,0.2466399740397762,11,0.72,388.69,34.9,8.60773509398819,457,60.0,444.0,128.0,HEALTHY,0.0052,0.0,False,False,False,False,False
P0052,W004,49.85714285714285,46.4,0.2468070736431822,11,0.72,388.69,46.4,11.451848217043652,531,80.0,590.0,148.0,REORDER_NEEDED,0.2938,148.0,False,False,False,False,False
P0052,W005,25.857142857142858,20.466666666666665,0.2798663434444569,11,0.72,388.69,20.466666666666665,5.72793116249655,1423,40.0,265.0,98.0,OVERSTOCK,0.0,0.0,False,False,True,False,False
P0052,W006,54.285714285714285,47.1,0.2947375659478911,11,0.72,388.69,47.1,13.88213935614567,112,97.0,615.0,149.0,REORDER_NEEDED,1.0,149.0,False,False,False,False,False
P0051,W004,51.42857142857143,43.56666666666667,0.2264000058298662,8,0.8,484.94,43.56666666666667,9.863493587321171,469,55.0,404.0,128.0,HEALTHY,0.0,0.0,False,False,False,False,False
P0049,W005,30.857142857142858,25.766666666666666,0.2374274901718848,9,0.79,275.62,25.766666666666666,6.117714996762231,524,37.0,269.0,131.0,HEALTHY,0.0,0.0,False,False,False,False,False
P0049,W004,27.857142857142858,24.6,0.2831677611980948,9,0.79,275.62,24.6,6.965926925473132,560,42.0,263.0,128.0,HEALTHY,0.0,0.0,False,False,False,False,False
P0049,W003,37.85714285714285,30.83333333333333,0.2706911913324093,9,0.79,275.62,30.83333333333333,8.346311732749285,301,50.0,327.0,143.0,REORDER_NEEDED,0.174,143.0,False,False,False,False,False
P0046,W002,39.0,34.666666666666664,0.2515129692871687,29,0.73,332.95,34.666666666666664,8.719116268621848,568,98.0,1103.0,138.0,REORDER_NEEDED,1.0,138.0,True,False,False,False,False
P0046,W003,31.857142857142858,28.466666666666665,0.2464605270695823,29,0.73,332.95,28.466666666666665,7.015909670580776,371,79.0,905.0,125.0,REORDER_NEEDED,1.0,125.0,True,False,False,False,False
P0046,W004,19.857142857142858,17.3,0.2681955486334186,29,0.73,332.95,17.3,4.639782991358142,389,52.0,554.0,97.0,REORDER_NEEDED,1.0,97.0,True,False,False,False,False
P0046,W005,37.42857142857143,29.766666666666666,0.3414253734751459,29,0.73,332.95,29.766666666666666,10.163095283776842,380,114.0,977.0,128.0,REORDER_NEEDED,1.0,128.0,True,False,False,False,False
P0046,W006,29.428571428571427,23.133333333333333,0.3002922089604417,29,0.73,332.95,23.133333333333333,6.946759767284884,287,78.0,749.0,113.0,REORDER_NEEDED,1.0,113.0,True,False,False,False,False
P0047,W001,23.428571428571427,23.633333333333333,0.2262270614850536,28,0.98,159.3,23.633333333333333,5.346499553096766,233,47.0,709.0,165.0,REORDER_NEEDED,1.0,165.0,False,False,False,False,False
P0047,W002,22.571428571428573,22.566666666666663,0.2417860418250723,28,0.98,159.3,22.566666666666663,5.456305010519131,813,48.0,680.0,161.0,HEALTHY,0.0,0.0,False,False,False,False,False
P0047,W003,16.571428571428573,16.033333333333335,0.2663736931879251,28,0.98,159.3,16.033333333333335,4.270858214113066,248,38.0,487.0,136.0,REORDER_NEEDED,1.0,136.0,False,False,False,False,False
P0047,W004,30.428571428571427,30.433333333333334,0.2680148536616515,28,0.98,159.3,30.433333333333334,8.156585379769595,140,72.0,924.0,187.0,REORDER_NEEDED,1.0,187.0,False,False,False,False,False
P0047,W005,36.285714285714285,37.46666666666667,0.2663265321923982,28,0.98,159.3,37.46666666666667,9.978367406141851,227,89.0,1138.0,207.0,REORDER_NEEDED,1.0,207.0,False,False,False,False,False
P0047,W006,14.714285714285714,15.333333333333334,0.2616181164410064,28,0.98,159.3,15.333333333333334,4.011477785428765,675,36.0,465.0,133.0,HEALTHY,0.0,0.0,False,False,False,False,False
P0048,W001,41.42857142857143,34.166666666666664,0.2263308776272259,3,0.69,262.43,34.166666666666664,7.732971652263551,259,29.0,132.0,154.0,HEALTHY,0.0,0.0,False,False,False,False,False
P0048,W002,83.0,68.9,0.2955663701581946,3,0.69,262.43,68.9,20.36452290389961,326,76.0,283.0,219.0,HEALTHY,0.0004,0.0,False,False,False,False,False
P0048,W003,40.85714285714285,33.36666666666667,0.2659120165484853,3,0.69,262.43,33.36666666666667,8.87259761883446,1082,33.0,133.0,152.0,OVERSTOCK,0.0,0.0,False,False,True,False,False
P0048,W004,41.85714285714285,36.266666666666666,0.2535372556532419,3,0.69,262.43,36.266666666666666,9.194951138357574,116,34.0,143.0,159.0,REORDER_NEEDED,0.3256,159.0,False,False,False,False,False
P0048,W005,64.28571428571429,53.23333333333333,0.2119390253128013,3,0.69,262.43,53.23333333333333,11.28222078081812,50,42.0,202.0,192.0,REORDER_NEEDED,1.0,192.0,False,False,False,False,False
P0048,W006,45.0,38.766666666666666,0.2670169263317323,3,0.69,262.43,38.766666666666666,10.351356177460156,447,39.0,155.0,164.0,HEALTHY,0.0,0.0,False,False,False,False,False
P0049,W001,41.0,36.06666666666667,0.2102691986416384,9,0.79,275.62,36.06666666666667,7.583709097675093,464,45.0,370.0,155.0,HEALTHY,0.0,0.0,False,False,False,False,False
P0049,W002,24.571428571428573,22.4,0.2108978911192275,9,0.79,275.62,22.4,4.724112761070695,1302,28.0,230.0,122.0,OVERSTOCK,0.0,0.0,False,False,True,False,False
P0053,W001,22.142857142857142,18.53333333333333,0.2847146181270909,11,0.79,470.05,18.53333333333333,5.276710922622085,108,35.0,239.0,85.0,REORDER_NEEDED,1.0,85.0,False,False,False,False,False
P0046,W001,21.142857142857142,18.766666666666666,0.2055119841137404,29,0.73,332.95,18.766666666666666,3.856774901867861,308,43.0,587.0,101.0,REORDER_NEEDED,1.0,101.0,True,False,False,False,False
P0053,W002,16.0,13.633333333333333,0.2242109827087751,11,0.79,470.05,13.633333333333333,3.056743064262967,69,20.0,170.0,73.0,REORDER_NEEDED,1.0,73.0,False,False,False,False,False
P0053,W004,12.857142857142858,12.4,0.2277053479860657,11,0.79,470.05,12.4,2.823546315027215,87,19.0,155.0,69.0,REORDER_NEEDED,1.0,69.0,False,False,False,False,False
P0057,W004,65.57142857142857,58.73333333333333,0.2525353345897961,27,0.92,48.8,58.73333333333333,14.832241984907355,865,137.0,1723.0,469.0,REORDER_NEEDED,1.0,469.0,False,False,False,False,False
P0057,W005,27.0,24.066666666666663,0.1870787571023048,27,0.92,48.8,24.066666666666663,4.502362087595468,878,42.0,692.0,300.0,HEALTHY,0.0,0.0,False,False,False,False,False
P0057,W006,42.142857142857146,41.66666666666666,0.199740521332224,27,0.92,48.8,41.66666666666666,8.322521722175999,88,77.0,1202.0,395.0,REORDER_NEEDED,1.0,395.0,False,False,False,False,False
P0058,W001,65.0,58.3,0.1996849330285935,11,0.72,102.01,58.3,11.641631595567,949,81.0,722.0,323.0,HEALTHY,0.0,0.0,False,False,False,False,False
P0058,W002,60.42857142857143,56.333333333333336,0.2351921821003296,11,0.72,102.01,56.333333333333336,13.2491595916519,1373,93.0,713.0,317.0,HEALTHY,0.0,0.0,False,False,False,False,False
P0058,W003,37.285714285714285,31.3,0.2376290081289869,11,0.72,102.01,31.3,7.43778795443729,34,52.0,396.0,237.0,CRITICAL_STOCKOUT_RISK,1.0,237.0,False,True,False,False,False
P0058,W004,60.71428571428572,47.6,0.2962624122010467,11,0.72,102.01,47.6,14.102090820769824,271,98.0,622.0,292.0,REORDER_NEEDED,1.0,292.0,False,False,False,False,False
P0058,W005,48.285714285714285,42.266666666666666,0.2117003814702383,11,0.72,102.01,42.266666666666666,8.94786945680874,365,62.0,527.0,275.0,REORDER_NEEDED,0.9996,275.0,False,False,False,False,False
P0057,W003,32.285714285714285,28.133333333333333,0.2967652881629595,27,0.92,48.8,28.133333333333333,8.34899677365126,470,77.0,837.0,324.0,REORDER_NEEDED,1.0,324.0,False,False,False,False,False
P0058,W006,55.71428571428572,49.833333333333336,0.22265133758969,11,0.72,102.01,49.833333333333336,11.095458323219551,153,77.0,625.0,299.0,REORDER_NEEDED,1.0,299.0,False,False,False,False,False
P0059,W002,26.142857142857142,22.166666666666668,0.2345874633512237,19,0.98,27.39,22.166666666666668,5.200022104285459,108,38.0,459.0,384.0,REORDER_NEEDED,1.0,384.0,False,False,False,False,False
P0059,W003,20.428571428571427,16.266666666666666,0.2950171871610575,19,0.98,27.39,16.266666666666666,4.798946244486535,183,35.0,344.0,329.0,REORDER_NEEDED,1.0,329.0,False,False,False,False,False
P0059,W004,23.0,19.966666666666665,0.2134946545785886,19,0.98,27.39,19.966666666666665,4.262776603085818,265,31.0,410.0,365.0,REORDER_NEEDED,1.0,365.0,False,False,False,False,False
P0059,W005,34.857142857142854,31.633333333333333,0.2081219679204009,19,0.98,27.39,31.633333333333333,6.583591585215348,511,48.0,649.0,459.0,REORDER_NEEDED,0.9991,459.0,False,False,False,False,False
P0059,W006,17.0,13.766666666666667,0.2654809281708516,19,0.98,27.39,13.766666666666667,3.654787444485391,260,27.0,289.0,303.0,REORDER_NEEDED,0.5392,303.0,False,False,False,False,False
P0060,W001,32.714285714285715,26.53333333333333,0.3091645973566616,26,0.61,166.04,26.53333333333333,8.203167316530086,423,96.0,786.0,171.0,REORDER_NEEDED,1.0,171.0,True,False,False,False,False
P0060,W002,36.57142857142857,30.966666666666665,0.306413013093291,26,0.61,166.04,30.966666666666665,9.48858963878891,206,111.0,916.0,184.0,REORDER_NEEDED,1.0,184.0,True,False,False,False,False
P0060,W003,36.142857142857146,31.23333333333333,0.2602007999600018,26,0.61,166.04,31.23333333333333,8.126938318750721,307,95.0,907.0,185.0,REORDER_NEEDED,1.0,185.0,True,False,False,False,False
P0059,W001,31.857142857142858,26.866666666666667,0.2933596165318496,19,0.98,27.39,26.866666666666667,7.88159503082236,197,58.0,568.0,423.0,REORDER_NEEDED,1.0,423.0,False,False,False,False,False
P0057,W002,34.857142857142854,32.03333333333333,0.2425704016587835,27,0.92,48.8,32.03333333333333,7.770338533136364,247,72.0,937.0,346.0,REORDER_NEEDED,1.0,346.0,False,False,False,False,False
P0057,W001,72.71428571428571,62.333333333333336,0.2430209993689866,27,0.92,48.8,62.333333333333336,15.148308960666832,702,140.0,1823.0,483.0,REORDER_NEEDED,1.0,483.0,False,False,False,False,False
P0056,W006,22.142857142857142,19.266666666666666,0.2756358303027741,3,0.69,461.33,19.266666666666666,5.310583663833447,475,20.0,78.0,87.0,OVERSTOCK,0.0,0.0,False,False,True,False,False
P0053,W005,12.142857142857142,11.5,0.2064724157939787,11,0.79,470.05,11.5,2.3744327816307558,2119,16.0,142.0,67.0,OVERSTOCK,0.0,0.0,False,False,True,False,False
P0053,W006,24.142857142857142,21.366666666666667,0.2508291678929753,11,0.79,470.05,21.366666666666667,5.359383220646573,482,35.0,270.0,91.0,HEALTHY,0.0,0.0,False,False,False,False,False
P0054,W001,45.42857142857143,39.93333333333333,0.2133933458362696,8,0.8,447.94,39.93333333333333,8.521507610395032,222,48.0,367.0,128.0,REORDER_NEEDED,1.0,128.0,False,False,False,False,False
P0054,W002,90.57142857142856,74.23333333333333,0.2318639157258433,8,0.8,447.94,74.23333333333333,17.212031344048434,1014,96.0,690.0,174.0,HEALTHY,0.0,0.0,False,False,False,False,False
P0054,W003,30.571428571428573,25.433333333333334,0.2984926117799517,8,0.8,447.94,25.433333333333334,7.591662092936771,698,42.0,245.0,102.0,HEALTHY,0.0,0.0,False,False,False,False,False
P0054,W004,78.28571428571429,66.7,0.2566499572161602,8,0.8,447.94,66.7,17.118552146317885,469,96.0,630.0,165.0,REORDER_NEEDED,0.9089,165.0,False,False,False,False,False
P0054,W005,49.0,43.86666666666667,0.2538306137584223,8,0.8,447.94,43.86666666666667,11.134702923536125,117,62.0,413.0,134.0,REORDER_NEEDED,1.0,134.0,False,False,False,False,False
P0054,W006,75.42857142857143,66.36666666666666,0.2308488990540234,8,0.8,447.94,66.36666666666666,15.32067193388535,806,86.0,617.0,164.0,HEALTHY,0.0,0.0,False,False,False,False,False
P0055,W001,59.0,57.73333333333333,0.2079981436564611,29,0.73,300.96,57.73333333333333,12.00842616043302,457,135.0,1809.0,187.0,REORDER_NEEDED,1.0,187.0,True,False,False,False,False
P0055,W002,41.142857142857146,33.56666666666667,0.2494598375107109,29,0.73,300.96,33.56666666666667,8.373535212442864,151,94.0,1067.0,143.0,REORDER_NEEDED,1.0,143.0,True,False,False,False,False
P0055,W003,38.142857142857146,34.666666666666664,0.2308106726714749,29,0.73,300.96,34.666666666666664,8.00143665261113,647,90.0,1095.0,145.0,REORDER_NEEDED,1.0,145.0,True,False,False,False,False
P0055,W004,56.0,51.16666666666666,0.1792766057453676,29,0.73,300.96,51.16666666666666,9.17298632730464,522,103.0,1587.0,176.0,REORDER_NEEDED,1.0,176.0,True,False,False,False,False
P0055,W005,67.71428571428571,59.266666666666666,0.2174341356637215,29,0.73,300.96,59.266666666666666,12.88659644033656,547,145.0,1864.0,190.0,REORDER_NEEDED,1.0,190.0,True,False,False,False,False
P0055,W006,50.71428571428572,42.7,0.2500600159713971,29,0.73,300.96,42.7,10.677562681978657,1144,120.0,1358.0,161.0,REORDER_NEEDED,0.9495,161.0,True,False,False,False,False
P0056,W001,30.285714285714285,27.866666666666667,0.185804773546955,3,0.69,461.33,27.866666666666667,5.177759689508479,616,19.0,103.0,105.0,OVERSTOCK,0.0,0.0,False,False,True,False,False
P0056,W002,27.428571428571427,23.466666666666665,0.2826078058282816,3,0.69,461.33,23.466666666666665,6.631863176770341,736,25.0,95.0,96.0,OVERSTOCK,0.0,0.0,False,False,True,False,False
P0056,W003,16.142857142857142,14.6,0.2369943560384234,3,0.69,461.33,14.6,3.460117598160981,69,13.0,57.0,76.0,HEALTHY,0.0,0.0,False,False,False,False,False
P0056,W004,21.0,18.0,0.238396087979077,3,0.69,461.33,18.0,4.291129583623386,165,16.0,70.0,84.0,HEALTHY,0.0,0.0,False,False,False,False,False
P0056,W005,42.285714285714285,35.833333333333336,0.2394021011435873,3,0.69,461.33,35.833333333333336,8.578575290978545,1777,32.0,140.0,119.0,OVERSTOCK,0.0,0.0,False,False,True,False,False
P0053,W003,12.142857142857142,10.433333333333334,0.2302567664934185,11,0.79,470.05,10.433333333333334,2.402345597081333,213,16.0,131.0,64.0,HEALTHY,0.0,0.0,False,False,False,False,False
P0030,W005,15.142857142857142,12.7,0.251688345470683,3,0.69,27.99,12.7,3.196441987477673,789,12.0,50.0,288.0,OVERSTOCK,0.0,0.0,False,False,True,False,False
P0045,W006,60.142857142857146,50.63333333333333,0.2490890521897653,14,0.7,133.1,50.63333333333333,12.61220900920845,348,101.0,810.0,263.0,REORDER_NEEDED,1.0,263.0,False,False,False,False,False
P0045,W004,44.71428571428572,43.73333333333333,0.1966934000062647,14,0.7,133.1,43.73333333333333,8.602058026940641,596,69.0,681.0,245.0,REORDER_NEEDED,0.6934,245.0,False,False,False,False,False
P0035,W001,8.428571428571429,7.8,0.2638187035202338,19,0.98,482.99,7.8,2.057785887457824,82,15.0,163.0,54.0,REORDER_NEEDED,1.0,54.0,False,False,False,False,False
P0035,W002,7.142857142857143,6.233333333333333,0.2909235984711152,19,0.98,482.99,6.233333333333333,1.8134237638032848,552,13.0,131.0,49.0,OVERSTOCK,0.0,0.0,False,False,True,False,False
P0035,W003,9.142857142857142,8.9,0.2072858089410256,19,0.98,482.99,8.9,1.844843699575128,516,13.0,182.0,58.0,HEALTHY,0.0,0.0,False,False,False,False,False
P0035,W004,10.714285714285714,9.4,0.2101824068185968,19,0.98,482.99,9.4,1.9757146240948096,161,14.0,193.0,60.0,REORDER_NEEDED,0.9795,60.0,False,False,False,False,False
P0035,W005,6.428571428571429,5.4,0.2818979241138482,19,0.98,482.99,5.4,1.5222487902147803,468,11.0,114.0,45.0,OVERSTOCK,0.0,0.0,False,False,True,False,False
P0035,W006,14.285714285714286,12.1,0.1921100694337221,19,0.98,482.99,12.1,2.3245318401480373,265,17.0,247.0,68.0,HEALTHY,0.0003,0.0,False,False,False,False,False
P0036,W001,15.285714285714286,13.233333333333333,0.2268594362802182,26,0.61,405.16,13.233333333333333,3.0021065401082208,386,35.0,379.0,77.0,HEALTHY,0.0031,0.0,True,False,False,False,False
P0036,W002,19.142857142857142,17.3,0.2647364897993062,26,0.61,405.16,17.3,4.579941273527997,174,53.0,503.0,88.0,REORDER_NEEDED,1.0,88.0,True,False,False,False,False
P0034,W006,8.857142857142858,8.0,0.22504788762425,8,0.8,474.7,8.0,1.800383100994,468,10.0,74.0,55.0,OVERSTOCK,0.0,0.0,False,False,True,False,False
P0036,W003,23.0,20.7,0.2077469010114772,26,0.61,405.16,20.7,4.300360850937578,222,50.0,588.0,97.0,REORDER_NEEDED,1.0,97.0,True,False,False,False,False
P0036,W005,15.857142857142858,13.666666666666666,0.2522539880836197,26,0.61,405.16,13.666666666666666,3.447471170476136,1686,40.0,395.0,78.0,OVERSTOCK,0.0,0.0,True,False,True,False,False
P0036,W006,33.0,30.73333333333333,0.1974466864717611,26,0.61,405.16,30.73333333333333,6.068194830898791,482,71.0,870.0,118.0,REORDER_NEEDED,1.0,118.0,True,False,False,False,False
P0037,W001,44.142857142857146,37.43333333333333,0.2506681130266992,27,0.92,155.78,37.43333333333333,9.383343030966106,127,87.0,1098.0,209.0,REORDER_NEEDED,1.0,209.0,False,False,False,False,False
P0037,W002,42.42857142857143,36.86666666666667,0.2015700857629595,27,0.92,155.78,36.86666666666667,7.431217161794441,530,69.0,1064.0,208.0,REORDER_NEEDED,1.0,208.0,False,False,False,False,False
P0037,W003,33.142857142857146,28.866666666666667,0.1973816784934553,27,0.92,155.78,28.866666666666667,5.697751119177744,292,53.0,832.0,184.0,REORDER_NEEDED,1.0,184.0,False,False,False,False,False
P0037,W004,42.42857142857143,34.56666666666667,0.2355995962991053,27,0.92,155.78,34.56666666666667,8.143892712072407,105,75.0,1008.0,201.0,REORDER_NEEDED,1.0,201.0,False,False,False,False,False
P0037,W005,21.571428571428573,19.7,0.2031113144416889,27,0.92,155.78,19.7,4.001292894501271,419,37.0,569.0,152.0,REORDER_NEEDED,1.0,152.0,False,False,False,False,False
P0037,W006,15.571428571428571,14.266666666666667,0.2413645733055734,27,0.92,155.78,14.266666666666667,3.443467912492848,379,32.0,417.0,129.0,REORDER_NEEDED,0.6355,129.0,False,False,False,False,False
P0036,W004,36.57142857142857,32.766666666666666,0.2283373991754106,26,0.61,405.16,32.766666666666666,7.481855446314287,757,87.0,939.0,121.0,REORDER_NEEDED,0.9936,121.0,True,False,False,False,False
P0034,W005,8.571428571428571,7.866666666666666,0.2232754026255204,8,0.8,474.7,7.866666666666666,1.7564331673207605,285,10.0,73.0,55.0,OVERSTOCK,0.0,0.0,False,False,True,False,False
P0034,W004,7.714285714285714,7.0,0.2832405223933996,8,0.8,474.7,7.0,1.982683656753797,179,11.0,67.0,52.0,HEALTHY,0.0,0.0,False,False,False,False,False
P0034,W003,4.571428571428571,3.866666666666666,0.3017029039581088,8,0.8,474.7,3.866666666666666,1.1665845619713535,426,7.0,38.0,39.0,OVERSTOCK,0.0,0.0,False,False,True,False,False
P0031,W002,66.14285714285714,58.8,0.2351617145230467,19,0.63,305.73,58.8,13.827508813955149,244,136.0,1253.0,187.0,REORDER_NEEDED,1.0,187.0,False,False,False,False,False
P0031,W003,52.57142857142857,43.833333333333336,0.2320433857836077,19,0.63,305.73,43.833333333333336,10.171235076848138,71,100.0,933.0,162.0,CRITICAL_STOCKOUT_RISK,1.0,162.0,False,True,False,False,False
P0031,W004,52.285714285714285,43.3,0.3034390990093901,19,0.63,305.73,43.3,13.13891298710659,40,129.0,952.0,161.0,CRITICAL_STOCKOUT_RISK,1.0,161.0,False,True,False,False,False
P0031,W005,70.28571428571429,63.16666666666666,0.1521359468119613,19,0.63,305.73,63.16666666666666,9.609920640288887,590,94.0,1294.0,194.0,REORDER_NEEDED,1.0,194.0,False,False,False,False,False
P0031,W006,40.142857142857146,35.36666666666667,0.2120456728761082,19,0.63,305.73,35.36666666666667,7.49934863071836,1044,74.0,746.0,145.0,HEALTHY,0.0,0.0,False,False,False,False,False
P0032,W001,22.857142857142858,19.666666666666668,0.2393663687880372,3,0.69,89.41,19.666666666666668,4.707538586164731,139,18.0,77.0,200.0,HEALTHY,0.0,0.0,False,False,False,False,False
P0032,W002,36.285714285714285,28.133333333333333,0.3370460111493545,3,0.69,89.41,28.133333333333333,9.482227780335172,205,35.0,119.0,240.0,HEALTHY,0.0,0.0,False,False,False,False,False
P0032,W003,19.857142857142858,18.266666666666666,0.2286439576778319,3,0.69,89.41,18.266666666666666,4.176562960248396,194,16.0,71.0,193.0,HEALTHY,0.0,0.0,False,False,False,False,False
P0032,W004,33.42857142857143,29.8,0.229531690055004,3,0.69,89.41,29.8,6.84004436363912,45,26.0,115.0,247.0,REORDER_NEEDED,0.9999,247.0,False,False,False,False,False
P0032,W005,36.285714285714285,30.7,0.2604669500830915,3,0.69,89.41,30.7,7.996335367550909,628,30.0,122.0,250.0,OVERSTOCK,0.0,0.0,False,False,True,False,False
P0032,W006,17.714285714285715,15.4,0.2747562764553362,3,0.69,89.41,15.4,4.231246657412178,223,16.0,62.0,177.0,OVERSTOCK,0.0,0.0,False,False,True,False,False
P0033,W001,27.857142857142858,26.133333333333333,0.2006607645269552,9,0.79,37.2,26.133333333333333,5.243934646304429,149,31.0,266.0,358.0,REORDER_NEEDED,1.0,358.0,False,False,False,False,False
P0033,W002,50.85714285714285,48.2,0.2323983583155892,9,0.79,37.2,48.2,11.2016008708114,43,67.0,501.0,486.0,CRITICAL_STOCKOUT_RISK,1.0,486.0,False,True,False,False,False
P0033,W003,48.42857142857143,43.266666666666666,0.2321532826146141,9,0.79,37.2,43.266666666666666,10.04449869445897,385,60.0,449.0,461.0,REORDER_NEEDED,0.558,461.0,False,False,False,False,False
P0033,W004,57.285714285714285,48.766666666666666,0.2522776984674452,9,0.79,37.2,48.766666666666666,12.302742428595744,534,73.0,512.0,489.0,HEALTHY,0.005,0.0,False,False,False,False,False
P0033,W005,54.57142857142857,45.36666666666667,0.3169257428107484,9,0.79,37.2,45.36666666666667,14.377864532180954,452,86.0,494.0,472.0,REORDER_NEEDED,0.1555,472.0,False,False,False,False,False
P0033,W006,57.42857142857143,56.36666666666667,0.241302689325054,9,0.79,37.2,56.36666666666667,13.601428254955543,570,81.0,588.0,526.0,REORDER_NEEDED,0.0622,526.0,False,False,False,False,False
P0034,W001,12.285714285714286,11.266666666666667,0.2135442042529775,8,0.8,474.7,11.266666666666667,2.40593136791688,431,13.0,103.0,66.0,OVERSTOCK,0.0,0.0,False,False,True,False,False
P0034,W002,5.857142857142857,4.533333333333333,0.3158785567553238,8,0.8,474.7,4.533333333333333,1.4319827906241345,1200,8.0,44.0,42.0,OVERSTOCK,0.0,0.0,False,False,True,False,False
P0038,W001,19.428571428571427,20.83333333333333,0.2521346110096061,11,0.79,53.35,20.83333333333333,5.25280439603346,580,35.0,264.0,267.0,HEALTHY,0.0,0.0,False,False,False,False,False
P0045,W005,67.28571428571429,59.0,0.2687647570754251,14,0.7,133.1,59.0,15.85712066745008,311,127.0,953.0,284.0,REORDER_NEEDED,1.0,284.0,False,False,False,False,False
P0038,W002,25.857142857142858,27.633333333333333,0.2429405335075417,11,0.79,53.35,27.633333333333333,6.713256742591735,283,44.0,348.0,307.0,REORDER_NEEDED,0.8268,307.0,False,False,False,False,False
P0038,W004,25.714285714285715,26.2,0.2482484773425934,11,0.79,53.35,26.2,6.504110106375947,307,43.0,331.0,299.0,REORDER_NEEDED,0.1917,299.0,False,False,False,False,False
P0042,W004,38.0,35.63333333333333,0.2150540492104446,14,0.7,250.11,35.63333333333333,7.663092620198842,229,61.0,560.0,161.0,REORDER_NEEDED,1.0,161.0,False,False,False,False,False
P0042,W005,38.71428571428572,34.0,0.2153017655676146,14,0.7,250.11,34.0,7.320260029298897,949,59.0,535.0,158.0,HEALTHY,0.0,0.0,False,False,False,False,False
P0042,W006,49.0,42.6,0.2490842664028039,14,0.7,250.11,42.6,10.610989748759447,726,85.0,681.0,176.0,HEALTHY,0.0005,0.0,False,False,False,False,False
P0043,W001,37.57142857142857,30.466666666666665,0.2806010910796518,27,0.92,22.02,30.466666666666665,8.548979908226725,349,79.0,902.0,502.0,REORDER_NEEDED,1.0,502.0,False,False,False,False,False
P0043,W002,45.0,40.66666666666666,0.257930762912935,27,0.92,22.02,40.66666666666666,10.489184358459354,1027,97.0,1195.0,581.0,REORDER_NEEDED,0.9037,581.0,False,False,False,False,False
P0043,W003,36.71428571428572,32.93333333333333,0.2346510694421704,27,0.92,22.02,32.93333333333333,7.727841886962144,182,71.0,960.0,522.0,REORDER_NEEDED,1.0,522.0,False,False,False,False,False
P0043,W004,34.857142857142854,29.266666666666666,0.2409296727804897,27,0.92,22.02,29.266666666666666,7.051208423375665,108,65.0,855.0,493.0,REORDER_NEEDED,1.0,493.0,False,False,False,False,False
P0043,W005,31.285714285714285,27.4,0.2478270014301159,27,0.92,22.02,27.4,6.790459839185176,1461,63.0,803.0,477.0,HEALTHY,0.0,0.0,False,False,False,False,False
P0042,W003,33.0,28.766666666666666,0.2471067530505535,14,0.7,250.11,28.766666666666666,7.1084375960875885,673,57.0,460.0,145.0,HEALTHY,0.0,0.0,False,False,False,False,False
P0043,W006,26.714285714285715,20.2,0.324339185259782,27,0.92,22.02,20.2,6.551651542247596,485,60.0,605.0,409.0,REORDER_NEEDED,0.962,409.0,False,False,False,False,False
P0044,W002,7.142857142857143,6.166666666666667,0.272959592928705,28,0.98,455.11,6.166666666666667,1.6832508230603471,537,15.0,188.0,50.0,HEALTHY,0.0,0.0,False,False,False,False,False
P0044,W003,9.571428571428571,8.633333333333333,0.2306261034957713,28,0.98,455.11,8.633333333333333,1.9910720268468256,434,18.0,260.0,59.0,HEALTHY,0.0,0.0,False,False,False,False,False
P0044,W004,7.285714285714286,6.766666666666667,0.2252416744614587,28,0.98,455.11,6.766666666666667,1.5241353305225371,864,14.0,203.0,52.0,OVERSTOCK,0.0,0.0,False,False,True,False,False
P0044,W005,12.0,10.366666666666667,0.214180171756676,28,0.98,455.11,10.366666666666667,2.220334447210875,937,20.0,310.0,64.0,OVERSTOCK,0.0,0.0,False,False,True,False,False
P0044,W006,7.428571428571429,6.533333333333333,0.1830272469579651,28,0.98,455.11,6.533333333333333,1.1957780134587053,873,11.0,194.0,51.0,OVERSTOCK,0.0,0.0,False,False,True,False,False
P0045,W001,63.42857142857143,56.36666666666667,0.2514347907807935,14,0.7,133.1,56.36666666666667,14.17254104034406,479,113.0,902.0,278.0,REORDER_NEEDED,1.0,278.0,False,False,False,False,False
P0045,W002,31.0,27.1,0.2388175429969206,14,0.7,133.1,27.1,6.471955415216549,1005,52.0,431.0,193.0,HEALTHY,0.0,0.0,False,False,False,False,False
P0045,W003,29.142857142857142,25.2,0.2199330841570939,14,0.7,133.1,25.2,5.542313720758766,370,44.0,397.0,186.0,REORDER_NEEDED,0.2034,186.0,False,False,False,False,False
P0044,W001,11.142857142857142,9.7,0.2201958800418078,28,0.98,455.11,9.7,2.1359000364055354,581,19.0,291.0,62.0,HEALTHY,0.0,0.0,False,False,False,False,False
P0042,W002,33.42857142857143,30.33333333333333,0.2388819214827607,14,0.7,250.11,30.33333333333333,7.24608495164374,691,58.0,483.0,149.0,HEALTHY,0.0,0.0,False,False,False,False,False
P0042,W001,20.714285714285715,18.8,0.262598004905935,14,0.7,250.11,18.8,4.936842492231578,71,39.0,302.0,117.0,REORDER_NEEDED,1.0,117.0,False,False,False,False,False
P0041,W006,39.71428571428572,35.53333333333333,0.2479692405094735,8,0.8,65.41,35.53333333333333,8.811173679436624,558,49.0,333.0,315.0,HEALTHY,0.0,0.0,False,False,False,False,False
P0038,W005,31.714285714285715,29.03333333333333,0.2539892627731094,11,0.79,53.35,29.03333333333333,7.374154929179276,1526,49.0,368.0,315.0,OVERSTOCK,0.0,0.0,False,False,True,False,False
P0038,W006,38.0,35.13333333333333,0.2403260801950975,11,0.79,53.35,35.13333333333333,8.443456284187759,39,56.0,442.0,347.0,CRITICAL_STOCKOUT_RISK,1.0,347.0,False,True,False,False,False
P0039,W001,50.71428571428572,44.56666666666667,0.2300134356056337,26,0.87,343.7,44.56666666666667,10.250932113491077,356,97.0,1256.0,154.0,REORDER_NEEDED,1.0,154.0,False,False,False,False,False
P0039,W002,36.285714285714285,32.86666666666667,0.2202373280098771,26,0.87,343.7,32.86666666666667,7.238466847257961,373,69.0,924.0,132.0,REORDER_NEEDED,1.0,132.0,False,False,False,False,False
P0039,W003,34.0,32.833333333333336,0.1702511548791691,26,0.87,343.7,32.833333333333336,5.589912918532718,265,53.0,907.0,132.0,REORDER_NEEDED,1.0,132.0,False,False,False,False,False
P0039,W004,42.71428571428572,35.833333333333336,0.26526396089317,26,0.87,343.7,35.833333333333336,9.505291932005258,312,90.0,1022.0,138.0,REORDER_NEEDED,1.0,138.0,False,False,False,False,False
P0039,W005,67.0,53.03333333333333,0.3089444905643399,26,0.87,343.7,53.03333333333333,16.384356149595494,202,155.0,1534.0,168.0,REORDER_NEEDED,1.0,168.0,False,False,False,False,False
P0039,W006,41.85714285714285,36.7,0.2699449909522494,26,0.87,343.7,36.7,9.906981167947553,917,94.0,1048.0,140.0,REORDER_NEEDED,0.7693,140.0,False,False,False,False,False
P0040,W001,69.71428571428571,61.36666666666667,0.2167967109864071,9,0.79,222.88,61.36666666666667,13.304091497532516,67,79.0,631.0,224.0,CRITICAL_STOCKOUT_RISK,1.0,224.0,False,True,False,False,False
P0040,W002,25.571428571428573,24.2,0.2019712598786607,9,0.79,222.88,24.2,4.887704489063589,530,29.0,247.0,141.0,HEALTHY,0.0,0.0,False,False,False,False,False
P0040,W003,26.428571428571427,25.4,0.233168812113221,9,0.79,222.88,25.4,5.922487827675813,630,35.0,264.0,144.0,HEALTHY,0.0,0.0,False,False,False,False,False
P0040,W004,39.285714285714285,34.96666666666667,0.2475559104824424,9,0.79,222.88,34.96666666666667,8.656205003202738,287,52.0,367.0,169.0,REORDER_NEEDED,0.8569,169.0,False,False,False,False,False
P0040,W005,53.285714285714285,44.73333333333333,0.2776586823417214,9,0.79,222.88,44.73333333333333,12.420598390086337,627,74.0,477.0,191.0,HEALTHY,0.0,0.0,False,False,False,False,False
P0040,W006,58.142857142857146,51.06666666666667,0.2535508160725465,9,0.79,222.88,51.06666666666667,12.947995007438042,210,77.0,537.0,204.0,REORDER_NEEDED,1.0,204.0,False,False,False,False,False
P0041,W001,46.42857142857143,37.833333333333336,0.2397600284818813,8,0.8,65.41,37.833333333333336,9.07092107756451,275,51.0,354.0,325.0,REORDER_NEEDED,0.8596,325.0,False,False,False,False,False
P0041,W002,36.285714285714285,34.666666666666664,0.1931843413871625,8,0.8,65.41,34.666666666666664,6.6970571680883,723,37.0,314.0,311.0,HEALTHY,0.0,0.0,False,False,False,False,False
P0041,W003,29.714285714285715,23.8,0.2920196731491691,8,0.8,65.41,23.8,6.950068220950225,769,39.0,229.0,258.0,OVERSTOCK,0.0,0.0,False,False,True,False,False
P0041,W004,21.428571428571427,19.03333333333333,0.220968679310201,8,0.8,65.41,19.03333333333333,4.205770529537492,470,23.0,175.0,230.0,HEALTHY,0.0,0.0,False,False,False,False,False
P0041,W005,28.571428571428573,25.866666666666667,0.1860256212306915,8,0.8,65.41,25.866666666666667,4.811862735833887,801,27.0,234.0,269.0,OVERSTOCK,0.0,0.0,False,False,True,False,False
P0038,W003,31.428571428571427,31.266666666666666,0.2530820802956506,11,0.79,53.35,31.266666666666666,7.9130330439106755,545,52.0,396.0,327.0,HEALTHY,0.0,0.0,False,False,False,False,False
P0060,W006,61.0,51.0,0.2618038907800919,26,0.61,166.04,51.0,13.351998429784688,529,156.0,1482.0,237.0,REORDER_NEEDED,1.0,237.0,True,False,False,False,False
