month,region,actual_demand,predicted_demand
2023-01-31,0,62392,62786.746
2023-01-31,1,58668,58730.555
2023-01-31,2,60373,60566.01
2023-01-31,3,116292,117133.25
2023-01-31,4,52829,52876.336
2023-02-28,0,65361,65371.8
2023-02-28,1,62044,62003.797
2023-02-28,2,63572,63334.94
2023-02-28,3,122858,122676.99
2023-02-28,4,55692,55367.023
2023-03-31,0,76653,76672.17
2023-03-31,1,71962,72007.586
2023-03-31,2,74087,74112.7
2023-03-31,3,142559,142729.77
2023-03-31,4,65500,65508.86
2023-04-30,0,75232,75284.625
2023-04-30,1,70783,70713.984
2023-04-30,2,73202,73140.1
2023-04-30,3,141007,140996.69
2023-04-30,4,64141,64283.812
2023-05-31,0,71681,71684.82
2023-05-31,1,67974,67936.26
2023-05-31,2,69932,69997.62
2023-05-31,3,134955,135438.97
2023-05-31,4,61251,61182.94
2023-06-30,0,62618,62835.55
2023-06-30,1,59011,59334.62
2023-06-30,2,60512,60501.46
2023-06-30,3,115773,115562.87
2023-06-30,4,53846,53948.676
2023-07-31,0,56198,56439.71
2023-07-31,1,52449,52379.176
2023-07-31,2,54743,54935.234
2023-07-31,3,104627,104659.58
2023-07-31,4,48060,48225.49
2023-08-31,0,46881,46938.016
2023-08-31,1,44250,43915.72
2023-08-31,2,45610,45672.582
2023-08-31,3,87595,87682.46
2023-08-31,4,40356,40514.81
2023-09-30,0,41572,41595.81
2023-09-30,1,39243,39372.145
2023-09-30,2,40294,40298.15
2023-09-30,3,77579,77826.88
2023-09-30,4,35737,35815.92
2023-10-31,0,42745,42848.906
2023-10-31,1,39814,39689.438
2023-10-31,2,41192,41102.31
2023-10-31,3,79179,78981.63
2023-10-31,4,36297,36227.977
2023-11-30,0,48241,48196.277
2023-11-30,1,45130,44908.227
2023-11-30,2,46874,46667.844
2023-11-30,3,90466,90302.42
2023-11-30,4,40900,40565.94
2023-12-31,0,57141,57187.223
2023-12-31,1,54278,54105.17
2023-12-31,2,55763,55709.367
2023-12-31,3,106567,106561.195
2023-12-31,4,49003,48953.742
2024-01-31,0,64904,64704.61
2024-01-31,1,61059,60763.81
2024-01-31,2,62747,62365.96
2024-01-31,3,120881,120413.65
2024-01-31,4,55592,55394.184
2024-02-29,0,67647,67844.98
2024-02-29,1,63874,63825.715
2024-02-29,2,65698,65672.42
2024-02-29,3,127167,127503.68
2024-02-29,4,57670,57744.473
2024-03-31,0,77609,77313.38
2024-03-31,1,73575,73630.74
2024-03-31,2,76121,76259.09
2024-03-31,3,145730,145920.78
2024-03-31,4,66767,66997.664
2024-04-30,0,74212,74433.484
2024-04-30,1,69159,69127.63
2024-04-30,2,71343,71440.17
2024-04-30,3,136886,136638.89
2024-04-30,4,62423,62389.41
2024-05-31,0,72828,73207.85
2024-05-31,1,67837,67374.47
2024-05-31,2,70557,70444.586
2024-05-31,3,136128,136304.58
2024-05-31,4,61558,61086.516
2024-06-30,0,62979,62685.73
2024-06-30,1,59703,59445.574
2024-06-30,2,62085,62344.414
2024-06-30,3,118479,118760.88
2024-06-30,4,54486,54560.363
2024-07-31,0,54963,55247.055
2024-07-31,1,52234,52557.473
2024-07-31,2,54175,54760.766
2024-07-31,3,102792,103226.625
2024-07-31,4,47116,47232.508
2024-08-31,0,46872,46819.594
2024-08-31,1,44155,44166.508
2024-08-31,2,45878,45999.9
2024-08-31,3,87401,87310.234
2024-08-31,4,40312,40289.082
2024-09-30,0,41258,41050.746
2024-09-30,1,38985,38687.92
2024-09-30,2,40545,40602.895
2024-09-30,3,77751,77787.53
2024-09-30,4,35549,35541.23
2024-10-31,0,42768,42942.496
2024-10-31,1,39883,39890.766
2024-10-31,2,41440,41598.566
2024-10-31,3,78988,78901.19
2024-10-31,4,36328,36296.973
2024-11-30,0,48067,48271.87
2024-11-30,1,45412,45298.758
2024-11-30,2,46768,46569.594
2024-11-30,3,89546,89421.945
2024-11-30,4,41203,41188.953
2024-12-31,0,56844,56825.164
2024-12-31,1,53415,53161.543
2024-12-31,2,55531,55640.902
2024-12-31,3,106026,106161.93
2024-12-31,4,48541,48403.715
2025-01-31,0,64812,64758.742
2025-01-31,1,60657,60475.816
2025-01-31,2,63160,63051.27
2025-01-31,3,120960,120677.35
2025-01-31,4,55008,54768.97
2025-02-28,0,65309,65121.875
2025-02-28,1,62030,61781.566
2025-02-28,2,63974,64031.215
2025-02-28,3,122658,122621.984
2025-02-28,4,56158,55927.375
2025-03-31,0,77324,77244.18
2025-03-31,1,72875,72706.5
2025-03-31,2,75401,75458.914
2025-03-31,3,145327,145728.98
2025-03-31,4,66312,66307.39
2025-04-30,0,74797,74695.04
2025-04-30,1,70744,70566.6
2025-04-30,2,72842,73022.766
2025-04-30,3,139392,139627.31
2025-04-30,4,63680,63356.812
2025-05-31,0,73380,73764.81
2025-05-31,1,68479,68303.555
2025-05-31,2,71000,70924.63
2025-05-31,3,136600,136635.58
2025-05-31,4,62404,62249.21
2025-06-30,0,62508,62529.516
2025-06-30,1,59075,59008.336
2025-06-30,2,61011,61085.156
2025-06-30,3,116713,116885.99
2025-06-30,4,53669,53695.633
2025-07-31,0,54985,54919.39
2025-07-31,1,52225,52096.2
2025-07-31,2,53877,54010.465
2025-07-31,3,103796,104248.305
2025-07-31,4,47038,47054.56
2025-08-31,0,48065,48143.484
2025-08-31,1,45388,45569.824
2025-08-31,2,46609,46798.61
2025-08-31,3,89685,90191.34
2025-08-31,4,41039,40984.79
2025-09-30,0,40878,40949.766
2025-09-30,1,38118,37930.867
2025-09-30,2,40056,40068.426
2025-09-30,3,75986,75981.43
2025-09-30,4,34817,34800.832
2025-10-31,0,42408,42275.05
2025-10-31,1,39642,39387.633
2025-10-31,2,41321,41474.977
2025-10-31,3,78477,78116.93
2025-10-31,4,36148,35922.246
2025-11-30,0,48570,48572.48
2025-11-30,1,45214,44731.12
2025-11-30,2,47379,47265.453
2025-11-30,3,90571,90259.3
2025-11-30,4,41224,40956.246
2025-12-31,0,56473,56375.945
2025-12-31,1,52816,52482.6
2025-12-31,2,54657,54964.098
2025-12-31,3,105245,105397.57
2025-12-31,4,47888,47691.418
